Entry (map)	Metabolism	Pathway	KOs
map00010	Carbohydrate metabolism	Glycolysis / Gluconeogenesis	K00001~K00002~K00016~K00114~K00121~K00128~K00129~K00131~K00134~K00138~K00149~K00150~K00161~K00162~K00163~K00169~K00170~K00171~K00172~K00174~K00175~K00382~K00627~K00844~K00845~K00850~K00873~K00886~K00895~K00918~K00927~K01084~K01085~K01086~K01222~K01223~K01568~K01596~K01610~K01622~K01623~K01624~K01689~K01785~K01792~K01803~K01810~K01834~K01835~K01837~K01895~K01905~K01913~K02446~K02752~K02753~K02777~K02778~K02779~K02790~K02791~K03103~K03737~K03841~K04022~K04041~K04072~K06859~K08074~K10705~K11389~K11532~K11645~K12406~K12407~K13810~K13951~K13952~K13953~K13954~K13980~K14028~K14029~K14085~K15633~K15634~K15635~K15778~K15779~K15916~K16305~K16306~K16370~K18857~K18978~K20116~K20117~K20118~K20866~K21071~K22224~K22473~K22474~
map00020	Carbohydrate metabolism	Citrate cycle (TCA cycle)	K00024~K00025~K00026~K00030~K00031~K00116~K00161~K00162~K00163~K00164~K00169~K00170~K00171~K00172~K00174~K00175~K00176~K00177~K00234~K00235~K00236~K00237~K00239~K00240~K00241~K00242~K00244~K00245~K00246~K00247~K00382~K00627~K00658~K01596~K01610~K01647~K01648~K01676~K01677~K01678~K01679~K01681~K01682~K01899~K01900~K01902~K01903~K01958~K01959~K01960~K03737~K05942~K15230~K15231~K17753~K18118~K18859~K18860~
map00030	Carbohydrate metabolism	Pentose phosphate pathway	K00032~K00033~K00034~K00036~K00090~K00115~K00117~K00131~K00615~K00616~K00850~K00851~K00852~K00874~K00895~K00918~K00948~K01053~K01057~K01086~K01619~K01621~K01622~K01623~K01624~K01625~K01690~K01783~K01807~K01808~K01810~K01835~K01839~K02446~K03738~K03841~K04041~K05308~K05774~K06151~K06152~K06859~K07404~K08093~K08094~K11395~K11441~K11529~K11532~K11645~K13810~K13812~K13831~K13937~K15778~K15779~K15916~K16305~K16306~K16370~K17463~K17464~K17465~K17466~K17467~K17468~K18020~K18021~K18022~K18124~K18125~K18126~K18127~K18128~K18978~K19243~K19813~K21071~K21840~K22199~K22229~K22345~K22969~
map00040	Carbohydrate metabolism	Pentose and glucuronate interconversions	K00002~K00007~K00008~K00011~K00012~K00039~K00040~K00041~K00065~K00078~K00594~K00699~K00848~K00853~K00854~K00875~K00880~K00963~K01051~K01184~K01195~K01213~K01629~K01685~K01686~K01728~K01730~K01731~K01783~K01804~K01805~K01812~K01815~K01820~K03077~K03078~K03079~K03331~K05351~K05352~K08092~K08322~K08323~K09988~K12447~K13247~K13877~K14259~K14273~K14274~K14275~K14756~K16190~K16849~K16850~K17738~K17743~K17818~K18102~K18103~K18106~K18107~K19551~K19588~K19634~K21030~K21031~K21619~K21680~K21681~K22185~K22186~K22187~K22396~K22397~K22539~K22933~K22935~K22994~
map00051	Carbohydrate metabolism	Fructose and mannose metabolism	K00007~K00008~K00009~K00011~K00045~K00064~K00066~K00068~K00594~K00844~K00846~K00847~K00848~K00850~K00863~K00879~K00881~K00882~K00895~K00900~K00966~K00971~K00976~K01086~K01103~K01218~K01622~K01623~K01624~K01628~K01629~K01711~K01729~K01795~K01803~K01805~K01808~K01809~K01813~K01818~K01820~K01840~K02377~K02446~K02768~K02769~K02770~K02771~K02781~K02782~K02783~K02793~K02794~K02795~K02796~K02798~K02799~K02800~K02812~K02813~K02814~K02815~K03332~K03841~K04041~K05305~K05947~K07026~K07046~K08261~K11194~K11195~K11196~K11532~K11645~K12660~K12661~K14634~K15778~K15856~K15916~K16011~K16305~K16306~K16370~K16881~K17195~K17497~K17742~K18333~K18334~K18335~K18336~K18337~K18338~K18339~K18447~K18818~K19028~K19029~K19030~K19290~K19291~K19355~K19633~K19956~K21071~K21883~K22252~
map00052	Carbohydrate metabolism	Galactose metabolism	K00011~K00035~K00094~K00704~K00844~K00845~K00849~K00850~K00883~K00917~K00963~K00965~K01084~K01182~K01187~K01189~K01190~K01193~K01203~K01220~K01229~K01631~K01635~K01684~K01784~K01785~K01819~K01835~K01854~K02079~K02080~K02744~K02745~K02746~K02747~K02773~K02774~K02775~K02786~K02787~K02788~K04618~K05308~K06611~K06617~K07406~K07407~K07966~K07967~K08302~K10984~K10985~K10986~K11395~K12047~K12111~K12112~K12308~K12309~K12316~K12317~K12407~K12447~K15778~K15779~K16370~K16371~K17716~K18124~K18125~K18126~K18127~K18819~K21071~K21620~K21621~K21622~K22215~
map00053	Carbohydrate metabolism	Ascorbate and aldarate metabolism	K00012~K00064~K00103~K00128~K00149~K00225~K00423~K00434~K00469~K00699~K00880~K01053~K01630~K01706~K01707~K01708~K02821~K02822~K03077~K03078~K03079~K03475~K03476~K08092~K08232~K10046~K10047~K12447~K13873~K13874~K13875~K13876~K13877~K14085~K14190~K16190~K17744~K18649~K18981~K18982~K18983~K19588~K19642~K19660~K20023~K21888~K23003~K23004~K23005~K23007~
map00500	Carbohydrate metabolism	Starch and sucrose metabolism	K00688~K00689~K00690~K00691~K00692~K00693~K00694~K00695~K00696~K00697~K00700~K00701~K00702~K00703~K00705~K00706~K00750~K00844~K00845~K00847~K00963~K00975~K00978~K01084~K01087~K01176~K01177~K01178~K01179~K01182~K01187~K01188~K01193~K01194~K01196~K01199~K01200~K01203~K01208~K01210~K01212~K01214~K01222~K01223~K01225~K01226~K01232~K01236~K01513~K01810~K01835~K01838~K02438~K02749~K02750~K02759~K02760~K02761~K02777~K02790~K02791~K02808~K02809~K02810~K02817~K02818~K02819~K05341~K05342~K05343~K05349~K05350~K05988~K05992~K06044~K06859~K06896~K07024~K07405~K11809~K12047~K12316~K12317~K12407~K13057~K13679~K13810~K15778~K15779~K15916~K16055~K16146~K16147~K16148~K16149~K16150~K16153~K18447~K18775~K19357~K19668~K19891~K19892~K19893~K20107~K20108~K20811~K20812~K21574~K22337~K22451~K22934~
map00520	Carbohydrate metabolism	Amino sugar and nucleotide sugar metabolism	K00012~K00066~K00075~K00326~K00523~K00621~K00698~K00770~K00790~K00820~K00844~K00845~K00847~K00849~K00884~K00885~K00886~K00963~K00965~K00966~K00971~K00972~K00975~K00976~K00978~K00983~K00992~K01097~K01183~K01198~K01207~K01209~K01233~K01443~K01452~K01639~K01654~K01709~K01711~K01784~K01787~K01788~K01791~K01809~K01810~K01835~K01836~K01840~K01854~K02377~K02472~K02473~K02474~K02564~K02763~K02764~K02765~K02777~K02778~K02779~K02790~K02791~K02793~K02794~K02795~K02796~K02802~K02803~K02804~K03431~K04042~K05304~K05305~K06118~K06859~K07102~K07106~K07806~K08068~K08080~K08678~K08679~K10011~K10012~K10046~K11191~K11192~K11528~K12373~K12407~K12409~K12446~K12447~K12448~K12449~K12450~K12451~K12452~K12453~K12454~K12455~K13010~K13014~K13015~K13016~K13017~K13018~K13019~K13020~K13379~K13381~K13648~K13810~K13967~K15778~K15779~K15855~K15856~K15857~K15858~K15894~K15895~K15896~K15897~K15898~K15899~K15910~K15912~K15913~K15916~K15920~K15921~K16011~K16190~K16881~K17497~K17716~K17939~K18429~K18430~K18431~K18675~K18676~K18677~K19632~K20116~K20117~K20118~K20547~K20844~K21749~K22252~K22268~K22292~K22925~K22926~
map00620	Carbohydrate metabolism	Pyruvate metabolism	K00016~K00024~K00025~K00026~K00027~K00028~K00029~K00049~K00051~K00090~K00101~K00102~K00116~K00128~K00132~K00138~K00149~K00156~K00158~K00161~K00162~K00163~K00169~K00170~K00171~K00172~K00174~K00175~K00244~K00245~K00246~K00247~K00382~K00467~K00625~K00626~K00627~K00656~K00873~K00925~K01003~K01006~K01007~K01026~K01067~K01069~K01512~K01571~K01573~K01595~K01596~K01610~K01638~K01649~K01655~K01676~K01677~K01678~K01679~K01759~K01895~K01905~K01913~K01946~K01958~K01959~K01960~K01961~K01962~K01963~K02160~K02594~K03737~K03777~K03778~K04020~K04021~K04072~K04073~K05523~K07248~K10977~K11262~K11263~K12406~K12972~K13788~K14085~K15024~K17741~K18118~K18366~K18472~K18881~K19266~K20370~K20509~K21618~K22211~K22212~K22224~K22373~K23257~
map00630	Carbohydrate metabolism	Glyoxylate and dicarboxylate metabolism	K00015~K00018~K00023~K00024~K00025~K00026~K00042~K00048~K00049~K00050~K00090~K00104~K00122~K00123~K00124~K00126~K00127~K00281~K00282~K00283~K00284~K00382~K00600~K00605~K00626~K00830~K00865~K01091~K01432~K01433~K01450~K01455~K01458~K01569~K01577~K01601~K01602~K01608~K01625~K01637~K01638~K01647~K01681~K01682~K01816~K01846~K01847~K01848~K01849~K01895~K01913~K01915~K01964~K01965~K01966~K02437~K03418~K03779~K03780~K03781~K04835~K05606~K07130~K07246~K07248~K08691~K08692~K11263~K11472~K11473~K11517~K11529~K12972~K14067~K14263~K14272~K14446~K14447~K14448~K14449~K14451~K15036~K15037~K15893~K15918~K15919~K17865~K18121~K18123~K18472~K19268~K19269~K19280~K19281~K19282~K19312~K22133~K22223~K22515~K22568~K22982~
map00640	Carbohydrate metabolism	Propanoate metabolism	K00005~K00016~K00048~K00086~K00140~K00166~K00167~K00169~K00170~K00171~K00172~K00232~K00248~K00382~K00625~K00626~K00656~K00822~K00823~K00925~K00932~K01026~K01034~K01035~K01574~K01578~K01659~K01682~K01692~K01699~K01720~K01734~K01782~K01825~K01847~K01848~K01849~K01895~K01899~K01900~K01902~K01903~K01905~K01908~K01946~K01961~K01962~K01963~K01964~K01965~K01966~K02160~K03416~K03417~K05605~K05606~K07250~K07511~K07514~K07515~K08325~K09699~K09788~K11262~K11263~K11264~K11381~K13524~K13788~K13919~K13920~K13921~K13922~K13923~K14468~K14729~K15024~K15036~K15037~K17489~K17490~K17741~K18223~K18224~K18225~K18226~K18369~K18370~K18371~K18372~K18382~K18426~K18471~K18472~K19312~K19697~K19709~K19745~K20143~K20455~K20626~K20627~K22214~K22224~K22568~K23146~K23257~K23259~
map00650	Carbohydrate metabolism	Butanoate metabolism	K00004~K00019~K00022~K00023~K00043~K00074~K00100~K00109~K00132~K00135~K00139~K00169~K00170~K00171~K00172~K00174~K00175~K00209~K00239~K00240~K00241~K00242~K00244~K00245~K00246~K00247~K00248~K00626~K00634~K00656~K00823~K00929~K01027~K01028~K01029~K01034~K01035~K01039~K01040~K01575~K01580~K01615~K01640~K01641~K01652~K01653~K01692~K01715~K01782~K01799~K01825~K01896~K01907~K01913~K03366~K03737~K03821~K04072~K04073~K05973~K07246~K07250~K07511~K07514~K07515~K07516~K07518~K08318~K08324~K11258~K13524~K14268~K14534~K16871~K17761~K17829~K17865~K18009~K18118~K18119~K18120~K18121~K18122~K18366~K18859~K18860~K19709~K20509~K21317~K21318~K21319~K21320~K21321~K21322~K22881~K23351~K23352~
map00660	Carbohydrate metabolism	C5-Branched dibasic acid metabolism	K00052~K01575~K01652~K01653~K01703~K01704~K01846~K01902~K01903~K04835~K08691~K09011~K10218~K11258~K14449~K14471~K14472~K17724~K18288~K18289~K18290~K18291~K18292~K19268~K19281~K22002~K22003~K22004~K22005~
map00562	Carbohydrate metabolism	Inositol phosphate metabolism	K00010~K00140~K00469~K00888~K00889~K00911~K00913~K00914~K00915~K00920~K00921~K00922~K00923~K00999~K01083~K01092~K01093~K01099~K01106~K01107~K01108~K01109~K01110~K01114~K01116~K01765~K01771~K01803~K01858~K03084~K03103~K03335~K03336~K03337~K03338~K03339~K05857~K05858~K05859~K05860~K05861~K06606~K07281~K07291~K10047~K10572~K13711~K13712~K15422~K15759~K15909~K16043~K16044~K16619~K18081~K18082~K18083~K18086~K18649~K19006~K19517~K19786~K19801~K20278~K20279~K21289~K21302~K21797~K21798~K22230~K22231~K22232~K22233~K22913~
map00190	Energy metabolism	Oxidative phosphorylation	K00234~K00235~K00236~K00237~K00239~K00240~K00241~K00242~K00244~K00245~K00246~K00247~K00329~K00330~K00331~K00332~K00333~K00334~K00335~K00336~K00337~K00338~K00339~K00340~K00341~K00342~K00343~K00356~K00404~K00405~K00406~K00407~K00410~K00411~K00412~K00413~K00414~K00415~K00416~K00417~K00418~K00419~K00420~K00424~K00425~K00426~K00937~K01507~K01535~K01542~K01543~K01544~K01549~K02107~K02108~K02109~K02110~K02111~K02112~K02113~K02114~K02115~K02117~K02118~K02119~K02120~K02121~K02122~K02123~K02124~K02125~K02126~K02127~K02128~K02129~K02130~K02131~K02132~K02133~K02134~K02135~K02136~K02137~K02138~K02139~K02140~K02141~K02142~K02143~K02144~K02145~K02146~K02147~K02148~K02149~K02150~K02151~K02152~K02153~K02154~K02155~K02256~K02257~K02258~K02259~K02260~K02261~K02262~K02263~K02264~K02265~K02266~K02267~K02268~K02269~K02270~K02271~K02272~K02273~K02274~K02275~K02276~K02277~K02297~K02298~K02299~K02300~K02826~K02827~K02828~K02829~K03661~K03662~K03878~K03879~K03880~K03881~K03882~K03883~K03884~K03885~K03886~K03887~K03888~K03889~K03890~K03891~K03934~K03935~K03936~K03937~K03938~K03939~K03940~K03941~K03942~K03943~K03944~K03945~K03946~K03947~K03948~K03949~K03950~K03951~K03952~K03953~K03954~K03955~K03956~K03957~K03958~K03959~K03960~K03961~K03962~K03963~K03964~K03965~K03966~K03967~K03968~K05572~K05573~K05574~K05575~K05576~K05577~K05578~K05579~K05580~K05581~K05582~K05583~K05584~K05585~K05586~K05587~K05588~K06019~K11351~K11352~K11353~K11725~K11726~K13378~K13380~K15408~K15862~K15863~K15986~K18859~K18860~K22468~K22501~
map00195	Energy metabolism	Photosynthesis	K02108~K02109~K02110~K02111~K02112~K02113~K02114~K02115~K02634~K02635~K02636~K02637~K02638~K02639~K02640~K02641~K02642~K02643~K02689~K02690~K02691~K02692~K02693~K02694~K02695~K02696~K02697~K02698~K02699~K02700~K02701~K02702~K02703~K02704~K02705~K02706~K02707~K02708~K02709~K02710~K02711~K02712~K02713~K02714~K02716~K02717~K02718~K02719~K02720~K02721~K02722~K02723~K02724~K03541~K03542~K03689~K08901~K08902~K08903~K08904~K08905~K08906~K14332~
map00196	Energy metabolism	Photosynthesis - antenna proteins	K02092~K02093~K02094~K02095~K02096~K02097~K02284~K02285~K02286~K02287~K02288~K02289~K02290~K02628~K02629~K02630~K02631~K02632~K05376~K05377~K05378~K05379~K05380~K05381~K05382~K05383~K05384~K05385~K05386~K08907~K08908~K08909~K08910~K08911~K08912~K08913~K08914~K08915~K08916~K08917~K14172~K20713~
map00710	Energy metabolism	Carbon fixation in photosynthetic organisms	K00024~K00025~K00026~K00028~K00029~K00051~K00134~K00150~K00615~K00814~K00855~K00927~K01006~K01086~K01100~K01595~K01601~K01602~K01610~K01621~K01623~K01624~K01783~K01803~K01807~K01808~K02446~K03841~K04041~K05298~K11214~K11532~K11645~K14272~K14454~K14455~
map00720	Energy metabolism	Carbon fixation pathways in prokaryotes	K00024~K00031~K00169~K00170~K00171~K00172~K00174~K00175~K00176~K00177~K00194~K00196~K00197~K00198~K00239~K00240~K00241~K00242~K00244~K00245~K00246~K00247~K00297~K00625~K00626~K00925~K01006~K01007~K01491~K01595~K01648~K01676~K01677~K01678~K01679~K01681~K01682~K01847~K01848~K01849~K01895~K01902~K01903~K01938~K01958~K01959~K01960~K01961~K01962~K01963~K01964~K02160~K03737~K05299~K05606~K08691~K09709~K13788~K14138~K14449~K14465~K14466~K14467~K14468~K14469~K14470~K14471~K14472~K14534~K15016~K15017~K15018~K15019~K15020~K15022~K15023~K15024~K15036~K15037~K15038~K15039~K15052~K15230~K15231~K15232~K15233~K15234~K18209~K18210~K18556~K18557~K18558~K18559~K18560~K18593~K18594~K18602~K18603~K18604~K18605~K18859~K18860~K18861~
map00680	Energy metabolism	Methane metabolism	K00018~K00024~K00058~K00093~K00121~K00122~K00123~K00124~K00125~K00126~K00127~K00148~K00169~K00170~K00171~K00172~K00192~K00193~K00194~K00195~K00196~K00197~K00198~K00200~K00201~K00202~K00203~K00204~K00205~K00300~K00317~K00319~K00320~K00399~K00400~K00401~K00402~K00440~K00441~K00442~K00443~K00577~K00578~K00579~K00580~K00581~K00582~K00583~K00584~K00600~K00625~K00672~K00830~K00831~K00850~K00863~K00918~K00925~K01007~K01070~K01079~K01086~K01499~K01595~K01622~K01623~K01624~K01689~K01834~K01895~K02203~K02446~K03388~K03389~K03390~K03396~K03421~K03422~K03532~K03533~K03841~K04041~K04480~K05299~K05884~K05979~K06034~K06914~K07072~K07144~K07811~K07812~K07821~K08093~K08094~K08097~K08264~K08265~K08685~K08691~K08692~K09733~K10713~K10714~K10944~K10945~K10946~K10977~K10978~K11212~K11260~K11261~K11529~K11532~K11645~K11779~K11780~K11781~K12234~K13039~K13788~K13812~K13831~K13942~K14028~K14029~K14067~K14080~K14081~K14082~K14083~K14084~K14126~K14127~K14128~K14940~K14941~K15022~K15228~K15229~K15633~K15634~K15635~K16157~K16158~K16159~K16160~K16161~K16162~K16176~K16177~K16178~K16179~K16254~K16255~K16256~K16257~K16258~K16259~K16260~K16305~K16306~K16370~K16792~K16793~K17066~K17067~K17068~K17100~K18277~K18933~K19793~K21071~K22081~K22082~K22083~K22084~K22085~K22086~K22087~K22305~K22480~K22481~K22482~K22515~K22516~
map00910	Energy metabolism	Nitrogen metabolism	K00260~K00261~K00262~K00264~K00265~K00266~K00284~K00360~K00362~K00363~K00366~K00367~K00368~K00370~K00371~K00372~K00374~K00376~K00459~K00531~K00926~K01455~K01501~K01672~K01673~K01674~K01725~K01743~K01915~K01948~K02305~K02567~K02568~K02575~K02586~K02588~K02591~K03385~K04561~K05601~K10534~K10535~K10944~K10945~K10946~K15371~K15576~K15577~K15578~K15579~K15864~K15876~K15877~K17877~K18245~K18246~K19823~K20932~K20933~K20934~K20935~K22896~K22897~K22898~K22899~
map00920	Energy metabolism	Sulfur metabolism	K00299~K00380~K00381~K00385~K00387~K00390~K00392~K00394~K00395~K00640~K00641~K00651~K00860~K00955~K00956~K00957~K00958~K00988~K01011~K01082~K01738~K01739~K02045~K02046~K02047~K02048~K02439~K03119~K04091~K05301~K05907~K06881~K07306~K07307~K07308~K08352~K08353~K08354~K08357~K08358~K08359~K10150~K10764~K10831~K11180~K11181~K13034~K13811~K15422~K15551~K15552~K15553~K15554~K15555~K15759~K15762~K15765~K16936~K16937~K16950~K16951~K16952~K16953~K16954~K16955~K16964~K16965~K16966~K16967~K16968~K16969~K17069~K17217~K17218~K17219~K17220~K17221~K17222~K17223~K17224~K17225~K17226~K17227~K17228~K17229~K17230~K17285~K17486~K17725~K17993~K17994~K17995~K17996~K20034~K20035~K20036~K21307~K21308~K21309~K21310~K22470~K22622~K22966~K23163~K23304~
map00061	Lipid metabolism	Fatty acid biosynthesis	K00059~K00208~K00209~K00645~K00647~K00648~K00665~K00667~K00668~K01071~K01716~K01897~K01946~K01961~K01962~K01963~K02160~K02371~K02372~K03921~K03922~K07512~K09458~K10780~K10781~K10782~K11262~K11263~K11533~K11539~K13370~K15013~K16363~K18472~K18473~K18474~K18660~K22540~K22541~
map00062	Lipid metabolism	Fatty acid elongation	K00022~K01068~K01074~K07508~K07509~K07511~K07512~K07515~K10203~K10205~K10244~K10245~K10246~K10247~K10248~K10249~K10250~K10251~K10258~K10703~K15397~K16339~K17360~K22554~
map00071	Lipid metabolism	Fatty acid degradation	K00001~K00022~K00121~K00128~K00149~K00232~K00248~K00249~K00252~K00255~K00493~K00496~K00529~K00626~K00632~K01692~K01782~K01825~K01897~K01909~K04072~K05297~K05939~K06445~K07425~K07508~K07509~K07511~K07513~K07514~K07515~K07516~K07517~K08765~K08766~K09478~K09479~K10527~K13238~K13239~K13767~K13951~K13952~K13953~K13954~K13980~K14085~K14338~K15013~K15401~K18857~K18880~K19523~K19524~K20495~K21738~K22567~K22887~
map00072	Lipid metabolism	Synthesis and degradation of ketone bodies	K00019~K00626~K01027~K01028~K01029~K01574~K01640~K01641~
map00073	Lipid metabolism	"Cutin, suberine and wax biosynthesis"	K13356~K13407~K15398~K15399~K15400~K15401~K15402~K15403~K15404~K15405~K15406~K17991~K20495~K20769~
map00100	Lipid metabolism	Steroid biosynthesis	K00213~K00222~K00223~K00227~K00511~K00559~K00637~K00801~K01052~K01824~K01852~K01853~K05917~K07419~K07436~K07438~K07748~K07750~K08242~K08246~K09827~K09828~K09829~K09831~K09832~K12298~K13373~K14423~K14424~K14674~K21146~K23485~K23558~
map00120	Lipid metabolism	Primary bile acid biosynthesis	K00037~K00251~K00488~K00489~K00659~K01442~K01796~K07430~K07431~K07439~K07440~K08748~K08764~K10214~K10223~K11992~K12405~K12408~
map00121	Lipid metabolism	Secondary bile acid biosynthesis	K00076~K01442~K07007~K15868~K15869~K15870~K15871~K15872~K15873~K15874~K22604~K22605~K22606~K22607~K23231~
map00140	Lipid metabolism	Steroid hormone biosynthesis	K00037~K00038~K00044~K00070~K00071~K00089~K00212~K00251~K00489~K00497~K00498~K00512~K00513~K00545~K00699~K01015~K01016~K01130~K01131~K01822~K04119~K05295~K05296~K07408~K07409~K07410~K07412~K07413~K07414~K07415~K07424~K07430~K07433~K07434~K10207~K10251~K12343~K12344~K12345~K13368~K13369~K13370~K13373~K15680~K17689~K17690~K17691~K22970~
map00561	Lipid metabolism	Glycerolipid metabolism	K00002~K00005~K00011~K00086~K00128~K00149~K00629~K00630~K00631~K00635~K00655~K00679~K00863~K00864~K00865~K00901~K01046~K01054~K01059~K01080~K01189~K03429~K03621~K03715~K05878~K05879~K05881~K06116~K06117~K06118~K06119~K06120~K06121~K06122~K07029~K07406~K07407~K08591~K09480~K09881~K11155~K11160~K11529~K12298~K13506~K13507~K13508~K13509~K13513~K13517~K13519~K13523~K13534~K13677~K14073~K14074~K14075~K14076~K14085~K14452~K14456~K14457~K14458~K14674~K14675~K15728~K15918~K16816~K17900~K18097~K18693~K18851~K19002~K19003~K19004~K19005~K19007~K20024~K21362~K22251~K22283~K22284~K22831~K22848~K22849~K22920~K23736~K23737~
map00564	Lipid metabolism	Glycerophospholipid metabolism	K00006~K00057~K00096~K00105~K00111~K00112~K00113~K00550~K00551~K00570~K00623~K00629~K00630~K00631~K00649~K00650~K00655~K00866~K00894~K00901~K00967~K00968~K00980~K00981~K00993~K00994~K00995~K00998~K00999~K01004~K01047~K01048~K01049~K01058~K01080~K01094~K01095~K01096~K01114~K01115~K01126~K01517~K01521~K01613~K03735~K03736~K04019~K05929~K05939~K06123~K06124~K06128~K06129~K06130~K06131~K06132~K07029~K08591~K08729~K08730~K08744~K13333~K13506~K13507~K13508~K13509~K13510~K13511~K13512~K13513~K13514~K13515~K13516~K13517~K13519~K13523~K13535~K13621~K13622~K13623~K13644~K14156~K14286~K14621~K14674~K14676~K15728~K16342~K16343~K16368~K16369~K16619~K16817~K16818~K16860~K17103~K17104~K17105~K17717~K17830~K18693~K18694~K18695~K18696~K18697~K19007~K19664~K19665~K22389~K22831~
map00565	Lipid metabolism	Ether lipid metabolism	K00803~K00993~K00994~K01019~K01047~K01058~K01062~K01080~K01114~K01115~K01122~K04628~K06123~K08743~K13510~K13512~K13519~K13644~K14621~K14674~K16342~K16343~K16619~K16794~K16795~K16817~K16860~K17717~K18575~K22387~
map00600	Lipid metabolism	Sphingolipid metabolism	K00654~K00720~K01019~K01080~K01117~K01123~K01130~K01134~K01186~K01189~K01190~K01201~K01202~K01441~K01634~K04628~K04708~K04709~K04710~K04711~K04712~K04713~K04714~K04715~K04716~K04717~K04718~K05848~K07406~K07407~K07553~K12309~K12348~K12349~K12350~K12351~K12352~K12353~K12354~K12357~K17108~K23451~K23550~K23727~
map00590	Lipid metabolism	Arachidonic acid metabolism	K00079~K00081~K00084~K00432~K00458~K00460~K00461~K00509~K00807~K01047~K01058~K01254~K01830~K01831~K01832~K04097~K04119~K05309~K07412~K07413~K07415~K07418~K07422~K07425~K08021~K08022~K08726~K11987~K14621~K14674~K15717~K15729~K15730~K16342~K16343~K16817~K17709~K17718~K17719~K17721~K17726~K17728~K18592~K19246~K23486~
map00591	Lipid metabolism	Linoleic acid metabolism	K00454~K00460~K00508~K01047~K01058~K07409~K07413~K07415~K07418~K07424~K08262~K14621~K14674~K15718~K16342~K16343~K16817~K17689~K17718~K17719~K17721~K17862~K17863~K17864~K21794~
map00592	Lipid metabolism	alpha-Linolenic acid metabolism	K00224~K00232~K00454~K00632~K01047~K01058~K01723~K05894~K07513~K08241~K10226~K10525~K10526~K10527~K10528~K10529~K14621~K14674~K16342~K16343~K16817~K16818~K18857~K18858~K22389~
map01040	Lipid metabolism	Biosynthesis of unsaturated fatty acids	K00232~K00507~K00659~K01068~K03921~K03922~K07513~K08764~K10203~K10205~K10224~K10226~K10244~K10245~K10246~K10247~K10248~K10249~K10250~K10251~K10256~K10258~K10703~K10804~K10805~K10806~K12405~K17360~K22769~K22770~K22993~K23006~
map00230	Nucleotide metabolism	Purine metabolism	K00073~K00087~K00088~K00106~K00364~K00365~K00524~K00525~K00526~K00527~K00601~K00602~K00759~K00760~K00764~K00769~K00839~K00856~K00860~K00873~K00892~K00893~K00904~K00926~K00939~K00940~K00942~K00944~K00948~K00951~K00955~K00956~K00957~K00958~K00988~K01081~K01119~K01120~K01129~K01139~K01239~K01241~K01427~K01428~K01429~K01430~K01466~K01477~K01483~K01486~K01487~K01488~K01490~K01492~K01509~K01510~K01511~K01513~K01514~K01515~K01517~K01518~K01519~K01522~K01524~K01525~K01587~K01588~K01589~K01756~K01768~K01769~K01835~K01839~K01923~K01933~K01939~K01945~K01951~K01952~K02083~K02428~K03651~K03783~K03784~K03787~K03815~K03816~K04765~K05851~K05873~K06863~K06928~K06966~K07127~K07816~K08041~K08042~K08043~K08044~K08045~K08046~K08047~K08048~K08049~K08289~K08312~K08693~K08718~K08723~K09913~K10213~K10353~K10807~K10808~K11029~K11175~K11176~K11177~K11178~K11265~K11751~K11787~K11788~K11808~K12304~K12305~K12318~K12319~K12320~K12321~K12322~K12323~K12324~K12406~K13293~K13294~K13296~K13298~K13479~K13480~K13481~K13482~K13483~K13484~K13485~K13713~K13755~K13756~K13757~K13758~K13759~K13760~K13761~K13762~K13763~K13811~K13987~K13988~K14048~K14641~K14642~K14977~K15518~K15519~K15778~K15779~K15780~K16838~K16839~K16840~K16841~K16842~K16855~K16856~K18151~K18283~K18424~K18436~K18437~K18438~K18445~K18447~K18453~K18532~K18533~K18550~K19021~K19572~K19710~K19836~K19964~K19970~K20881~K21053~K21138~K21636~K22026~K22199~K22600~K22601~K22602~K22879~K22944~K23264~K23265~K23269~K23270~
map00240	Nucleotide metabolism	Pyrimidine metabolism	K00207~K00226~K00254~K00524~K00525~K00526~K00527~K00560~K00608~K00609~K00610~K00756~K00757~K00758~K00761~K00762~K00857~K00876~K00893~K00940~K00943~K00945~K01081~K01119~K01240~K01431~K01464~K01465~K01485~K01489~K01493~K01494~K01510~K01511~K01513~K01518~K01520~K01591~K01937~K01954~K01955~K01956~K02823~K02825~K03365~K03465~K03783~K03784~K03787~K04765~K06016~K06966~K08693~K08722~K08723~K08728~K09018~K09019~K09020~K09021~K09023~K09024~K09887~K09903~K09913~K10213~K10807~K10808~K11540~K11541~K11751~K12304~K12305~K13421~K13799~K13800~K13809~K13998~K14641~K14642~K15519~K16066~K16328~K16329~K16330~K16904~K17722~K17723~K17828~K18533~K19794~K19795~K19796~K19797~K19970~K20881~K21057~K21636~K22026~
map00250	Amino acid metabolism	"Alanine, aspartate and glutamate metabolism"	K00135~K00139~K00259~K00260~K00261~K00262~K00264~K00265~K00266~K00272~K00278~K00294~K00608~K00609~K00610~K00764~K00811~K00812~K00813~K00814~K00820~K00823~K00827~K00830~K01424~K01425~K01437~K01580~K01744~K01755~K01756~K01779~K01914~K01915~K01939~K01940~K01948~K01953~K01954~K01955~K01956~K03334~K05597~K07250~K08324~K08590~K09758~K11358~K11540~K11541~K13051~K13524~K13566~K13821~K14260~K14268~K14272~K14454~K14455~K14592~K14681~K15371~K16871~K17761~K18309~K18310~K18311~K19244~K22457~K23265~
map00260	Amino acid metabolism	"Glycine, serine and threonine metabolism"	K00003~K00018~K00049~K00050~K00058~K00060~K00090~K00108~K00130~K00133~K00273~K00274~K00276~K00281~K00282~K00283~K00301~K00302~K00303~K00304~K00305~K00306~K00309~K00314~K00315~K00382~K00499~K00542~K00544~K00552~K00600~K00605~K00613~K00639~K00643~K00827~K00830~K00831~K00836~K00865~K00872~K00928~K00998~K01079~K01620~K01694~K01695~K01696~K01697~K01733~K01752~K01753~K01754~K01758~K01834~K01837~K02203~K02204~K02437~K06001~K06718~K06720~K08688~K10150~K10674~K11440~K11529~K12235~K12524~K12525~K12526~K12972~K13042~K13290~K13745~K14085~K14272~K15633~K15634~K15635~K15783~K15784~K15785~K15786~K15789~K15893~K15918~K15919~K16066~K17103~K17217~K17755~K17989~K18896~K18897~K20498~K20801~K22305~K22982~
map00270	Amino acid metabolism	Cysteine and methionine metabolism	K00003~K00016~K00024~K00025~K00026~K00058~K00133~K00456~K00544~K00547~K00548~K00549~K00558~K00640~K00641~K00651~K00772~K00789~K00797~K00802~K00811~K00812~K00813~K00815~K00816~K00826~K00827~K00831~K00832~K00837~K00838~K00899~K00928~K01011~K01243~K01244~K01251~K01450~K01505~K01611~K01697~K01738~K01739~K01740~K01752~K01758~K01760~K01761~K01762~K01919~K01920~K03334~K05396~K05933~K07173~K08963~K08964~K08965~K08966~K08967~K08968~K08969~K09758~K09880~K10150~K10764~K11204~K11205~K11358~K12339~K12524~K12525~K12526~K12960~K13034~K13060~K13061~K13062~K14155~K14454~K14455~K16054~K16843~K16844~K16845~K16846~K17069~K17216~K17217~K17398~K17399~K17462~K17950~K17989~K18284~K19696~K20021~K20248~K20249~K20250~K20772~K21456~K21623~K22207~K22846~K22847~K22954~K22955~K22956~K22957~K22968~K23304~K23370~
map00280	Amino acid metabolism	"Valine, leucine and isoleucine degradation"	K00020~K00022~K00128~K00140~K00149~K00157~K00166~K00167~K00186~K00187~K00188~K00189~K00248~K00249~K00253~K00263~K00271~K00382~K00626~K00632~K00822~K00826~K00827~K01027~K01028~K01029~K01640~K01641~K01692~K01782~K01825~K01847~K01848~K01849~K01907~K01964~K01965~K01966~K01968~K01969~K03334~K05605~K05606~K05607~K07250~K07508~K07509~K07511~K07513~K07514~K07515~K08683~K09478~K09699~K11263~K11381~K11410~K11538~K13524~K13766~K14085~K15036~K15037~K18472~K18660~K18661~K18662~K19312~K22568~
map00290	Amino acid metabolism	"Valine, leucine and isoleucine biosynthesis"	K00052~K00053~K00263~K00826~K00835~K01649~K01652~K01653~K01687~K01702~K01703~K01704~K01754~K09011~K11258~K14260~K17989~K21359~K21360~
map00300	Amino acid metabolism	Lysine biosynthesis	K00003~K00133~K00143~K00215~K00290~K00293~K00674~K00821~K00825~K00838~K00841~K00928~K01439~K01586~K01655~K01705~K01714~K01778~K01928~K01929~K03340~K05822~K05823~K05824~K05825~K05827~K05828~K05829~K05830~K05831~K10206~K10977~K10978~K12524~K12525~K12526~K14267~K15792~K16180~K16181~K16182~K16792~K16793~K17450~K17753~
map00310	Amino acid metabolism	Lysine degradation	K00022~K00128~K00135~K00137~K00149~K00252~K00290~K00293~K00306~K00382~K00468~K00471~K00473~K00474~K00626~K00658~K00824~K00825~K01034~K01035~K01506~K01582~K01692~K01782~K01825~K01843~K01844~K03894~K03895~K03896~K03897~K06101~K07250~K07511~K07514~K07515~K09186~K09187~K09188~K09189~K09251~K11419~K11420~K11421~K11422~K11423~K11424~K11425~K11426~K11427~K11428~K11429~K11430~K11431~K11432~K11433~K11703~K13609~K13645~K13646~K13647~K14085~K14157~K14268~K14959~K15588~K15736~K15737~K15791~K17451~K18011~K18012~K18013~K18014~K18201~K18202~K18494~K18804~K18826~K18854~K19743~K20795~K20796~K21672~K22748~K23385~K23700~
map00220	Amino acid metabolism	Arginine biosynthesis	K00145~K00260~K00261~K00262~K00491~K00611~K00618~K00619~K00620~K00811~K00812~K00813~K00814~K00818~K00821~K00926~K00930~K01425~K01427~K01428~K01429~K01430~K01438~K01457~K01476~K01478~K01755~K01915~K01940~K01941~K01948~K05597~K05828~K05829~K05830~K05831~K09065~K11067~K11358~K12659~K13240~K13241~K13242~K13427~K14048~K14260~K14272~K14454~K14455~K14541~K14677~K14681~K14682~K15371~K19412~K22476~K22477~K22478~K23265~
map00330	Amino acid metabolism	Arginine and proline metabolism	K00128~K00137~K00147~K00149~K00273~K00274~K00286~K00294~K00296~K00316~K00318~K00472~K00491~K00542~K00613~K00657~K00673~K00797~K00802~K00811~K00812~K00813~K00819~K00824~K00840~K00931~K00933~K00934~K01259~K01426~K01470~K01473~K01474~K01476~K01480~K01484~K01485~K01581~K01583~K01584~K01585~K01611~K01750~K01777~K02626~K03343~K03365~K05526~K05604~K06447~K08660~K08687~K08688~K09123~K09251~K09470~K09471~K09472~K09473~K10536~K10793~K10794~K11142~K11182~K11358~K11394~K12251~K12252~K12253~K12254~K12255~K12256~K12259~K12657~K12658~K13240~K13241~K13242~K13366~K13367~K13427~K13746~K13747~K13821~K14085~K14329~K14454~K14455~K14755~K17839~K17851~K18123~K18384~K19742~K19743~K21060~K21061~K21062~K21624~K21672~K22548~K22549~K22550~K22842~K23121~K23233~
map00340	Amino acid metabolism	Histidine metabolism	K00013~K00128~K00129~K00149~K00274~K00546~K00603~K00765~K00817~K01089~K01437~K01458~K01468~K01479~K01496~K01523~K01590~K01663~K01693~K01712~K01745~K01814~K02500~K02501~K02502~K04486~K05602~K05603~K05604~K07008~K08660~K11182~K11755~K13990~K14085~K14152~K14755~K17363~K18649~K18911~K18912~K18913~K19787~K20246~K20247~K22437~
map00350	Amino acid metabolism	Tyrosine metabolism	K00001~K00055~K00121~K00129~K00135~K00151~K00157~K00270~K00274~K00276~K00422~K00431~K00450~K00451~K00455~K00457~K00483~K00484~K00501~K00503~K00505~K00506~K00545~K00553~K00811~K00812~K00813~K00815~K00817~K00832~K00838~K01555~K01557~K01592~K01593~K01618~K01668~K01800~K01801~K01826~K01827~K02509~K02510~K03334~K04072~K05821~K05921~K07253~K10219~K10774~K11358~K13371~K13372~K13951~K13952~K13953~K13954~K13980~K14454~K14455~K15849~K16163~K16164~K16165~K16171~K16901~K16902~K18606~K18857~K18933~K20758~K21425~K22203~K22327~K22329~K22330~K23109~K23470~K23492~
map00360	Amino acid metabolism	Phenylalanine metabolism	K00055~K00074~K00129~K00146~K00270~K00274~K00276~K00285~K00457~K00500~K00529~K00628~K00811~K00812~K00813~K00815~K00817~K00824~K00832~K00838~K01426~K01451~K01593~K01666~K01692~K01912~K02554~K02609~K02610~K02611~K02612~K02613~K02614~K02615~K02618~K03334~K03782~K04073~K05708~K05709~K05710~K05711~K05712~K05713~K05714~K05821~K07253~K10437~K10775~K10797~K11358~K12732~K13064~K13371~K13372~K14454~K14455~K15517~K15849~K15866~K18355~K18356~K18357~K18358~K18359~K18360~K18361~K18362~K18363~K18606~K18852~K21795~K22328~K22427~K23109~
map00380	Amino acid metabolism	Tryptophan metabolism	K00022~K00128~K00149~K00157~K00252~K00274~K00382~K00452~K00453~K00463~K00466~K00486~K00493~K00502~K00543~K00562~K00626~K00658~K00669~K00816~K00825~K00837~K00838~K01237~K01426~K01432~K01501~K01556~K01593~K01667~K01692~K01721~K01782~K01825~K03334~K03392~K03781~K03782~K04103~K07130~K07408~K07409~K07410~K07511~K07514~K07515~K10217~K11182~K11812~K11813~K11816~K11817~K11818~K11819~K11820~K11821~K11868~K14085~K14263~K14264~K14265~K14338~K15067~K15791~K16901~K16902~K16903~K20204~K20219~K20807~K21801~K22417~K22433~K22450~K22588~K23109~K23234~K23384~
map00400	Amino acid metabolism	"Phenylalanine, tyrosine and tryptophan biosynthesis"	K00014~K00210~K00211~K00220~K00270~K00500~K00766~K00800~K00811~K00812~K00813~K00815~K00817~K00832~K00838~K00891~K01609~K01626~K01656~K01657~K01658~K01694~K01695~K01696~K01713~K01735~K01736~K01817~K01850~K03334~K03785~K03786~K03856~K04092~K04093~K04516~K04517~K04518~K05358~K05359~K05821~K05887~K06001~K06208~K06209~K09483~K09484~K11358~K11646~K13497~K13498~K13501~K13503~K13829~K13830~K13832~K13853~K14170~K14187~K14454~K14455~K15226~K15227~K15652~K15849~K16305~K16306~K17748~K17749~K17750~K18239~K18240~
map00410	Metabolism of other amino acids	beta-Alanine metabolism	K00128~K00129~K00137~K00140~K00149~K00207~K00232~K00248~K00276~K00316~K00797~K00802~K00822~K00823~K01431~K01464~K01578~K01579~K01580~K01692~K01782~K01825~K01918~K05604~K05605~K07250~K07511~K07514~K07515~K08660~K09722~K12259~K13366~K13367~K13524~K13799~K14085~K14729~K14755~K15372~K17722~K17723~K17839~K18933~K18966~K23146~
map00430	Metabolism of other amino acids	Taurine and hypotaurine metabolism	K00259~K00260~K00456~K00625~K00659~K00681~K00925~K01580~K01594~K03119~K03851~K03852~K07255~K07256~K10712~K13788~K15024~K15371~K15372~K15373~K18592~K18966~K19244~K19699~
map00440	Metabolism of other amino acids	Phosphonate and phosphinate metabolism	K00206~K00967~K00968~K00993~K00994~K01841~K03430~K03823~K05306~K05780~K06162~K06163~K06164~K06165~K06166~K06167~K09459~K09994~K12901~K12902~K12903~K12904~K12905~K12906~K12907~K12908~K12909~K12910~K12911~K12912~K12913~K12914~K12915~K13644~K18049~K19669~K19670~K20859~K20930~K21195~K21196~K21934~K22392~
map00450	Metabolism of other amino acids	Selenocompound metabolism	K00384~K00548~K00549~K00562~K00816~K00955~K00956~K00957~K00958~K01008~K01042~K01739~K01758~K01760~K01761~K01763~K01874~K03341~K07309~K07310~K08247~K10837~K11717~K12527~K12528~K12529~K13811~K14155~K17050~K17051~K17052~K22182~
map00460	Metabolism of other amino acids	Cyanoamino acid metabolism	K00495~K00600~K00681~K01188~K01424~K01455~K01501~K01914~K05349~K05350~K08248~K08249~K10566~K10675~K10814~K10815~K10816~K12153~K13027~K13029~K13030~K13031~K13032~K13033~K13034~K13035~K13051~K13401~K14577~K14984~K16265~K16266~K18282~K18592~K20802~K22706~
map00471	Metabolism of other amino acids	D-Glutamine and D-glutamate metabolism	K00261~K01425~K01776~K01924~K01925~K05597~K22210~K23169~K23170~K23265~
map00472	Metabolism of other amino acids	D-Arginine and D-ornithine metabolism	K00273~K00824~K17898~K17899~K19744~K19746~K21672~K21898~K23385~
map00473	Metabolism of other amino acids	D-Alanine metabolism	K00824~K01775~K01921~K03367~K14188~
map00480	Metabolism of other amino acids	Glutathione metabolism	K00031~K00032~K00033~K00036~K00310~K00383~K00432~K00434~K00681~K00682~K00797~K00799~K00802~K01255~K01256~K01270~K01460~K01469~K01581~K01833~K01917~K01919~K01920~K03423~K04097~K04283~K05360~K05361~K06048~K07160~K07232~K07751~K10807~K10808~K11140~K11142~K11185~K11186~K11204~K11205~K11207~K13299~K15428~K18592~K20838~K21456~K21888~K22596~K23123~K23124~
map00510	Glycan biosynthesis and metabolism	N-Glycan biosynthesis	K00717~K00721~K00726~K00729~K00730~K00736~K00737~K00738~K00744~K00778~K00779~K00902~K01001~K01228~K01230~K01231~K03842~K03843~K03844~K03845~K03846~K03847~K03848~K03849~K03850~K05546~K07151~K07252~K07432~K07441~K07966~K07967~K07968~K09658~K09659~K09661~K12345~K12666~K12667~K12668~K12669~K12670~K12691~K13748~
map00513	Glycan biosynthesis and metabolism	Various types of N-glycan biosynthesis	K00717~K00726~K00730~K00736~K00738~K00753~K00781~K01230~K01231~K03714~K03842~K03843~K03844~K03845~K03846~K03847~K05528~K05529~K05530~K05531~K05532~K05533~K05534~K05535~K05536~K05537~K05538~K07151~K07432~K07441~K07966~K07967~K07968~K09656~K09657~K09672~K09673~K12373~K12666~K12667~K12668~K12669~K12670~K12691~K13748~K14412~K14413~K14434~K14459~K14464~K20730~
map00512	Glycan biosynthesis and metabolism	Mucin type O-glycan biosynthesis	K00710~K00727~K00731~K00739~K00780~K03368~K03479~K09653~K09662~K09663~K09905~
map00515	Glycan biosynthesis and metabolism	Mannose type O-glycan biosynthesis	K00728~K00735~K00781~K03663~K07632~K07966~K07967~K07968~K09654~K09661~K09666~K09668~K09674~K10157~K17547~K18207~K19872~K19873~K21031~K21032~K21052~
map00514	Glycan biosynthesis and metabolism	Other types of O-glycan biosynthesis	K00728~K00778~K00779~K00781~K03691~K05538~K05948~K07966~K07967~K07968~K09667~K10967~K10968~K10969~K10970~K10971~K11703~K13646~K13667~K13675~K13676~K18134~K20781~K20782~K20783~K20784~
map00532	Glycan biosynthesis and metabolism	Glycosaminoglycan biosynthesis - chondroitin sulfate / dermatan sulfate	K00733~K00734~K00746~K00747~K00771~K01017~K01020~K01794~K03193~K03419~K04742~K04743~K07779~K08105~K08106~K10158~K13499~K13500~
map00534	Glycan biosynthesis and metabolism	Glycosaminoglycan biosynthesis - heparan sulfate / heparin	K00733~K00734~K00771~K01024~K01793~K02366~K02367~K02368~K02369~K02370~K02513~K02514~K02576~K02577~K02578~K02579~K07808~K07809~K08102~K08103~K08104~K10158~
map00533	Glycan biosynthesis and metabolism	Glycosaminoglycan biosynthesis - keratan sulfate	K00717~K00741~K00780~K00781~K01022~K03368~K04745~K04746~K07966~K07967~K07968~K07969~K09664~K09671~
map00531	Glycan biosynthesis and metabolism	Glycosaminoglycan degradation	K01132~K01135~K01136~K01137~K01195~K01197~K01205~K01207~K01217~K01565~K07964~K07965~K10532~K12309~K12373~
map00563	Glycan biosynthesis and metabolism	Glycosylphosphatidylinositol (GPI)-anchor biosynthesis	K01127~K03434~K03857~K03858~K03859~K03860~K03861~K05283~K05284~K05285~K05286~K05287~K05288~K05289~K05290~K05291~K05292~K05293~K05294~K05310~K07541~K07542~K08098~K09658~K11001~K11002~
map00601	Glycan biosynthesis and metabolism	Glycosphingolipid biosynthesis - lacto and neolacto series	K00709~K00716~K00718~K00719~K00741~K00742~K00743~K00781~K01988~K03371~K03494~K03663~K03766~K03792~K03877~K07632~K07633~K07634~K07635~K07819~K07820~K07966~K07967~K07968~K07969~K07970~K07971~
map00603	Glycan biosynthesis and metabolism	Glycosphingolipid biosynthesis - globo and isoglobo series	K00718~K00719~K00722~K00780~K01189~K01204~K01988~K03368~K03371~K03663~K03877~K07406~K07407~K12373~K20736~
map00604	Glycan biosynthesis and metabolism	Glycosphingolipid biosynthesis - ganglio series	K00715~K00725~K00780~K03368~K03369~K03370~K03371~K03372~K03373~K03374~K03375~K03376~K12309~K12373~
map00540	Glycan biosynthesis and metabolism	Lipopolysaccharide biosynthesis	K00677~K00713~K00748~K00912~K00979~K01627~K02517~K02527~K02535~K02536~K02560~K02840~K02841~K02843~K02844~K02847~K02848~K02849~K02850~K03269~K03270~K03271~K03272~K03273~K03274~K03275~K03276~K03277~K03278~K03279~K03280~K03760~K06041~K07031~K07264~K09778~K09953~K11211~K12973~K12974~K12975~K12976~K12977~K12979~K12981~K12983~K12985~K12986~K15669~K16363~K19353~K19803~K21344~K21345~K23067~K23082~K23083~K23159~K23160~
map00550	Glycan biosynthesis and metabolism	Peptidoglycan biosynthesis	K00075~K00687~K00790~K00887~K01000~K01921~K01924~K01925~K01928~K01929~K02545~K02563~K03587~K03693~K03814~K04478~K05362~K05363~K05364~K05365~K05366~K05367~K05515~K06153~K07009~K07258~K07259~K07260~K08384~K08724~K11693~K11694~K11695~K12551~K12552~K12553~K12554~K12555~K12556~K15792~K18149~K18770~K18866~K19302~K21464~K21465~K21466~K21469~K23393~
map00511	Glycan biosynthesis and metabolism	Other glycan degradation	K01186~K01190~K01191~K01192~K01201~K01206~K01227~K01444~K12111~K12112~K12309~K12311~K12312~K12357~K12373~K14459~K15923~K17108~K20730~K23550~
map00571	Glycan biosynthesis and metabolism	Lipoarabinomannan (LAM) biosynthesis	K08256~K11387~K13668~K13669~K13671~K13687~K14335~K14337~K14339~K14340~K16647~K16648~K22311~K23176~
map00572	Glycan biosynthesis and metabolism	Arabinogalactan biosynthesis - Mycobacterium	K02851~K11385~K11386~K13686~K13687~K16647~K16648~K16649~K16650~K16870~K18851~K22902~
map00730	Metabolism of cofactors and vitamins	Thiamine metabolism	K00788~K00877~K00878~K00939~K00941~K00946~K00949~K01077~K01078~K01662~K03146~K03147~K03148~K03149~K03150~K03151~K03153~K03707~K04487~K05307~K06928~K06949~K07251~K10810~K10811~K14153~K14154~K14394~K18278~K20895~K20896~K21219~K21220~K22699~K22911~K23458~
map00740	Metabolism of cofactors and vitamins	Riboflavin metabolism	K00082~K00299~K00484~K00793~K00794~K00861~K00953~K01078~K01093~K01497~K01498~K01513~K02858~K03788~K04719~K05368~K05901~K07732~K08096~K09474~K11752~K11753~K14379~K14394~K14410~K14652~K14653~K14654~K14655~K14656~K15245~K16902~K18453~K19285~K19286~K20146~K20860~K20861~K20862~K20884~K21063~K21064~K22393~K22394~K22912~K22949~K23458~K23462~K23470~
map00750	Metabolism of cofactors and vitamins	Vitamin B6 metabolism	K00097~K00157~K00275~K00831~K00868~K01733~K03472~K03473~K03474~K05275~K06215~K07758~K08681~K13248~K18071~K18607~K18608~K18609~K18610~K18611~K18612~K18613~K18614~
map00760	Metabolism of cofactors and vitamins	Nicotinate and nicotinamide metabolism	K00135~K00157~K00278~K00322~K00323~K00324~K00325~K00541~K00763~K00767~K00858~K00952~K00969~K01081~K01239~K01240~K01242~K01440~K01513~K01799~K01916~K01950~K03426~K03462~K03517~K03742~K03743~K03783~K03784~K03787~K04765~K06210~K06211~K06989~K08281~K08324~K08693~K08723~K10524~K11121~K11411~K11412~K11413~K11414~K11415~K11416~K11417~K11751~K13522~K13995~K14974~K15357~K15358~K15359~K18028~K18029~K18030~K18152~K18153~K18276~K18550~K18551~K19185~K19186~K19187~K19188~K19189~K19190~K19191~K19647~K19700~K19785~K19818~K19819~K19820~K19826~K19890~K19970~K19980~K20155~K20158~K20169~K20170~K20171~K20172~K20445~K20446~K20447~K20448~K20449~K20450~K20451~K20452~K20453~K20454~K20881~
map00770	Metabolism of cofactors and vitamins	Pantothenate and CoA biosynthesis	K00053~K00077~K00207~K00606~K00826~K00859~K00867~K00954~K00997~K01431~K01464~K01513~K01579~K01598~K01652~K01653~K01687~K01918~K01922~K01947~K02201~K02318~K03525~K04765~K06133~K06982~K08069~K08682~K09680~K09722~K11258~K13038~K13799~K17722~K17723~K18933~K18966~K21977~
map00780	Metabolism of cofactors and vitamins	Biotin metabolism	K00059~K00208~K00647~K00652~K00833~K01012~K01435~K01906~K01935~K01942~K01947~K02169~K02170~K02372~K03524~K08351~K09458~K09789~K16593~K19560~K19561~K19562~K19563~
map00785	Metabolism of cofactors and vitamins	Lipoic acid metabolism	K03644~K03800~K03801~K10105~
map00790	Metabolism of cofactors and vitamins	Folate biosynthesis	K00011~K00072~K00079~K00287~K00310~K00357~K00500~K00501~K00502~K00796~K00950~K01077~K01113~K01307~K01495~K01497~K01633~K01664~K01665~K01724~K01737~K01930~K02619~K03342~K03635~K03637~K03638~K03639~K03750~K03752~K03831~K04119~K06879~K06897~K06920~K06984~K07141~K07142~K07589~K08310~K09007~K09457~K09739~K10026~K11754~K13818~K13938~K13939~K13940~K13941~K13950~K13998~K14652~K15376~K15631~K15740~K17364~K17487~K17488~K17745~K18482~K18589~K18590~K18591~K18824~K18825~K18853~K18974~K19643~K19644~K19645~K19965~K20457~K20967~K21142~K22099~K22100~K22101~K22102~K22391~
map00670	Metabolism of cofactors and vitamins	One carbon pool by folate	K00287~K00288~K00289~K00295~K00297~K00300~K00548~K00560~K00600~K00601~K00602~K00603~K00604~K00605~K01433~K01491~K01492~K01500~K01746~K01934~K01938~K03465~K08289~K11175~K11787~K13402~K13403~K13938~K13990~K13998~K18589~K18590~K18591~K19643~K19644~K19645~
map00830	Metabolism of cofactors and vitamins	Retinol metabolism	K00001~K00061~K00121~K00157~K00515~K00678~K00699~K07249~K07408~K07409~K07411~K07412~K07413~K07420~K07424~K07425~K07437~K09516~K11146~K11147~K11148~K11149~K11150~K11151~K11152~K11153~K11154~K11155~K11156~K11157~K11158~K12664~K12665~K13369~K13951~K13952~K13953~K13980~K15734~K17683~K17689~K17690~K17691~K17709~K17718~K17719~K17720~K17951~
map00860	Metabolism of cofactors and vitamins	Porphyrin and chlorophyll metabolism	K00214~K00218~K00228~K00230~K00231~K00435~K00510~K00589~K00595~K00643~K00699~K00768~K00798~K01195~K01599~K01698~K01719~K01749~K01764~K01772~K01845~K01885~K02188~K02189~K02190~K02191~K02224~K02225~K02226~K02227~K02228~K02229~K02230~K02231~K02232~K02233~K02257~K02259~K02302~K02303~K02304~K02492~K02495~K02496~K03394~K03399~K03403~K03404~K03405~K03428~K03594~K03794~K03795~K04032~K04034~K04035~K04036~K04037~K04038~K04039~K04040~K04720~K05368~K05369~K05370~K05371~K05895~K05901~K05934~K05936~K06042~K07145~K07215~K08099~K08100~K08101~K08260~K09882~K09883~K10960~K11333~K11334~K11335~K11336~K11337~K13071~K13540~K13541~K13542~K13543~K13544~K13545~K13600~K13601~K13602~K13603~K13604~K13605~K13606~K13624~K13786~K14163~K14735~K16651~K18010~K19054~K19073~K19221~K19712~K21058~K21231~K21312~K21418~K21479~K21480~K21610~K21611~K21612~K21682~K21796~K22011~K22012~K22013~K22225~K22226~K22227~K22316~K22336~K22552~
map00130	Metabolism of cofactors and vitamins	Ubiquinone and other terpenoid-quinone biosynthesis	K00355~K00457~K00487~K00568~K00591~K00815~K00838~K01075~K01661~K01851~K01904~K01911~K02361~K02548~K02549~K02551~K02552~K03179~K03181~K03182~K03183~K03184~K03185~K03186~K03809~K05357~K05928~K06125~K06126~K06127~K06134~K08680~K09833~K09834~K10106~K11782~K11783~K11784~K11785~K12073~K12501~K12502~K13565~K14759~K14760~K17872~K18240~K18284~K18285~K18286~K18534~K18606~K18800~K19222~K19267~K20810~K23094~K23095~
map00900	Metabolism of terpenoids and polyketides	Terpenoid backbone biosynthesis	K00021~K00054~K00099~K00587~K00626~K00787~K00795~K00804~K00805~K00806~K00869~K00919~K00938~K00991~K01597~K01641~K01662~K01770~K01823~K02523~K03526~K03527~K05355~K05356~K05906~K05954~K05955~K06013~K06981~K08658~K10960~K11778~K12503~K12504~K12505~K12506~K12742~K13273~K13787~K13789~K14066~K14215~K15793~K15887~K15888~K15889~K15890~K15891~K15892~K17942~K18689~K18690~K19177~K21268~K21273~K21274~K21275~K22813~
map00902	Metabolism of terpenoids and polyketides	Monoterpenoid biosynthesis	K05525~K07381~K07382~K07384~K07385~K12467~K13400~K15086~K15087~K15088~K15089~K15090~K15091~K15092~K15093~K15094~K15095~K15096~K15097~K15098~K15099~K18108~K20142~K20144~K20618~K20979~K20986~K21069~K21120~K21373~K21374~K21925~K21926~K22049~K22050~K22208~K23232~K23276~
map00909	Metabolism of terpenoids and polyketides	Sesquiterpenoid and triterpenoid biosynthesis	K00511~K00801~K06045~K10156~K10187~K12249~K12250~K12645~K14173~K14174~K14175~K14176~K14177~K14178~K14179~K14180~K14181~K14182~K14183~K14184~K14185~K14186~K15472~K15793~K15794~K15795~K15796~K15797~K15798~K15799~K15800~K15801~K15802~K15803~K15804~K15805~K15806~K15807~K15808~K15809~K15810~K15811~K15812~K15813~K15814~K15815~K15816~K15817~K15818~K15819~K15820~K15821~K15822~K15823~K15891~K15907~K16204~K16205~K16206~K16207~K18109~K18110~K18111~K18112~K19010~K19011~K20561~K20658~K20659~K21927~K21928~K22064~K22065~
map00904	Metabolism of terpenoids and polyketides	Diterpenoid biosynthesis	K04120~K04121~K04122~K04123~K04124~K04125~K05282~K12917~K12918~K12919~K12920~K12921~K12922~K12923~K12924~K12925~K12926~K12927~K12928~K12929~K13070~K14036~K14037~K14038~K14039~K14040~K14041~K14042~K14043~K14044~K14045~K14046~K14047~K16082~K16083~K16084~K16085~K16086~K17961~K17982~K18113~K19571~K20512~K20513~K20514~K20515~K20516~K20517~K20518~K20519~K20657~K21291~K21292~K21718~K21719~K22634~K22635~K22636~K22637~K22638~K22639~K22640~K22945~K22946~K22947~K22948~
map00906	Metabolism of terpenoids and polyketides	Carotenoid biosynthesis	K00514~K02291~K02292~K02293~K02294~K06443~K06444~K09835~K09836~K09837~K09838~K09839~K09840~K09841~K09842~K09843~K09844~K09845~K09846~K09847~K09879~K10027~K10208~K10209~K10210~K10211~K10212~K14593~K14594~K14595~K14596~K14597~K14598~K14605~K14606~K15744~K15745~K15746~K15747~K15748~K17819~K17841~K17842~K17911~K17912~K17913~K22492~K22502~K23037~
map00905	Metabolism of terpenoids and polyketides	Brassinosteroid biosynthesis	K09587~K09588~K09589~K09590~K09591~K12637~K12638~K12639~K12640~K15639~K20623~
map00981	Metabolism of terpenoids and polyketides	Insect hormone biosynthesis	K00128~K01063~K10718~K10719~K10720~K10721~K10722~K10723~K10724~K14937~K14938~K14939~K14985~K15824~K15825~K15826~K15890~K21013~
map00908	Metabolism of terpenoids and polyketides	Zeatin biosynthesis	K00279~K00791~K10717~K10760~K13492~K13493~K13494~K13495~K13496~K23452~
map00903	Metabolism of terpenoids and polyketides	Limonene and pinene degradation	K00128~K01692~K01782~K01825~K07381~K07382~K10533~K12466~K14730~K14731~K14732~K14733~
map00281	Metabolism of terpenoids and polyketides	Geraniol degradation	K00022~K00632~K01640~K01692~K01782~K01825~K11731~K13774~K13775~K13776~K13777~K13778~K13779~K17832~K19653~
map01052	Metabolism of terpenoids and polyketides	Type I polyketide structures	K10817~K14366~K14367~K14368~K14370~K14371~K14372~K14373~K14374~K14375~K15466~K15467~K15641~K15642~K15643~K15670~K15671~K15672~K15673~K15988~K15989~K15990~K15991~K15992~K15993~K15994~K15997~K16000~K16001~K16002~K16003~K16004~K16005~K16006~K16007~K16008~K16009~K16010~K16022~K16023~K16024~K16025~K16026~K16027~K16028~K16029~K16030~K16031~K16032~K16033~K16034~K16035~K16036~K16037~K16038~K16372~K16373~K16374~K16375~K16376~K16377~K16378~K16379~K16380~K16381~K16382~K16383~K16384~K16385~K16386~K16387~K16388~K16389~K16390~K16391~K16392~K16393~K16394~K16395~K16396~K16397~K16398~K16399~K16400~K16401~K16402~K16403~K16404~K16405~K16406~K16407~K16408~K16409~K16410~K16411~K16412~K16413~K16414~K16415~K16416~K16417~K16418~K16419~K16420~K16450~K19203~K19204~K19205~K19206~K19207~K19208~K20786~K20787~K20788~K20789~
map00522	Metabolism of terpenoids and polyketides	"Biosynthesis of 12-, 14- and 16-membered macrolides"	K10817~K13320~K14366~K14367~K14368~K14369~K14370~K14371~K14372~K14373~K14374~K14375~K15988~K15989~K15990~K15991~K15992~K15993~K15994~K15995~K15996~K15997~K15998~K15999~K16000~K16001~K16002~K16003~K16004~K16005~K16006~K16007~K16008~K16009~K16010~K19698~
map01051	Metabolism of terpenoids and polyketides	Biosynthesis of ansamycins	K00615~K15466~K15467~K15670~K15671~K15672~K15673~K16015~K16016~K16017~K16018~K16019~K16020~K16021~K16022~K16023~K16024~K16025~K16026~K16027~K16028~K16029~K16030~K16031~K16032~K16033~K16034~K16035~K16036~K16037~K16038~K16039~
map01059	Metabolism of terpenoids and polyketides	Biosynthesis of enediyne antibiotics	K15314~K15315~K15320~K16431~K20156~K20159~K20420~K20421~K20422~K20423~K21159~K21160~K21161~K21162~K21163~K21164~K21165~K21166~K21167~K21168~K21169~K21170~K21171~K21172~K21173~K21174~K21175~K21176~K21177~K21178~K21179~K21180~K21181~K21182~K21184~K21185~K21186~K21187~K21188~K21189~K21190~K21191~K21192~K21193~K21194~K21209~K21210~K21211~K21212~K21213~K21214~K21215~K21216~K21221~K21222~K21223~K21224~K21225~K21226~K21227~K21228~K21229~K21230~K21254~K21255~K21256~K21257~K21258~K21259~K21260~K21261~K21262~K21263~
map01056	Metabolism of terpenoids and polyketides	Biosynthesis of type II polyketide backbone	K05551~K05552~K05553~K05554~K12420~K14249~K15884~K15885~K15886~
map01057	Metabolism of terpenoids and polyketides	Biosynthesis of type II polyketide products	K05555~K05556~K14250~K14251~K14252~K14253~K14254~K14255~K14256~K14257~K14626~K14627~K14628~K14629~K14630~K14631~K14632~K14633~K15886~K15926~K15927~K15928~K15929~K15930~K15931~K15932~K15933~K15934~K15935~K15936~K15937~K15938~K15939~K15941~K15942~K15943~K15944~K15945~K15946~K15947~K15948~K15949~K15950~K15951~K15952~K15953~K15954~K15955~K15956~K15957~K15958~K15959~K15960~K15961~K15962~K15963~K15964~K15965~K15966~K15967~K15968~K15969~K15970~K15971~K15972~K19566~K19567~K19568~K19569~K19570~K21297~K21301~
map00253	Metabolism of terpenoids and polyketides	Tetracycline biosynthesis	K05551~K05552~K05553~K12420~K14244~K14249~K14250~K14251~K14252~K14253~K14254~K14255~K14256~K14257~K18221~K21297~K21301~
map00523	Metabolism of terpenoids and polyketides	Polyketide sugar unit biosynthesis	K00067~K00973~K01710~K01790~K12451~K12710~K13306~K13307~K13308~K13309~K13310~K13311~K13312~K13313~K13315~K13316~K13317~K13318~K13319~K13322~K13326~K13327~K13328~K13329~K13330~K13332~K16435~K16436~K16438~K17625~K17947~K19180~K19652~K19853~K19854~K19855~K19856~K19857~K19858~K19859~K20678~K20679~K20680~K20681~K20682~K21325~K21326~K21327~K21328~K21329~K21330~K21331~K21332~K21333~K21335~K21336~K21337~K23144~
map01054	Metabolism of terpenoids and polyketides	Nonribosomal peptide structures	K01779~K15654~K15655~K15656~K15661~K15662~K15663~K15664~K15665~K15666~K15667~K15668~K16093~K16094~K16095~K16096~K16097~K16098~K16099~K16100~K16101~K16102~K16103~K16104~K16105~K16106~K16107~K16108~K16109~K16110~K16111~K16112~K16113~K16114~K16115~K16116~K16117~K16118~K16119~K16120~K16121~K16122~K16123~K16124~K16125~K16126~K16127~K16128~K16129~K16130~K16131~K16132~K16133~K16134~
map01053	Metabolism of terpenoids and polyketides	Biosynthesis of siderophore group nonribosomal peptides	K00216~K01252~K01851~K02361~K02362~K02363~K02364~K02552~K04778~K04780~K04781~K04782~K04783~K04784~K04785~K04786~K04787~K04788~K04789~K04790~K04791~K04792~K04793~K12237~K12238~K12239~K12240~K12241~K15653~K15681~
map01055	Metabolism of terpenoids and polyketides	Biosynthesis of vancomycin group antibiotics	K01710~K16421~K16422~K16423~K16424~K16425~K16426~K16427~K16428~K16429~K16430~K16431~K16432~K16433~K16434~K16435~K16436~K16437~K16438~K16439~K16440~K16442~K16443~K16444~K16445~K16446~K16447~K16448~K18836~
map00940	Biosynthesis of other secondary metabolites	Phenylpropanoid biosynthesis	K00083~K00430~K00487~K00588~K01188~K01904~K03186~K03782~K05349~K05350~K06892~K09753~K09754~K09755~K09756~K09757~K10775~K11188~K12355~K12356~K13064~K13065~K13066~K13067~K13068~K15506~K17054~K17055~K17056~K17057~K17058~K17059~K18368~K20039~K22395~K23260~K23378~K23662~
map00945	Biosynthesis of other secondary metabolites	"Stilbenoid, diarylheptanoid and gingerol biosynthesis"	K00487~K00588~K09754~K13065~K13231~K13232~K13233~K13234~K13235~K16040~K17211~K17212~
map00941	Biosynthesis of other secondary metabolites	Flavonoid biosynthesis	K00475~K00487~K00588~K00660~K01859~K05277~K05278~K05280~K08243~K08695~K09754~K13065~K13077~K13078~K13079~K13080~K13081~K13082~K13083~K21372~K21581~K21582~K22440~K22845~K23053~K23179~K23180~
map00944	Biosynthesis of other secondary metabolites	Flavone and flavonol biosynthesis	K01195~K05279~K05280~K10757~K13080~K13083~K13264~K13269~K13270~K13271~K13272~K15787~K22771~K22772~K22794~
map00942	Biosynthesis of other secondary metabolites	Anthocyanin biosynthesis	K12338~K12930~K12931~K12932~K12933~K12934~K12935~K12936~K12937~K12938~K12939~K17192~K17193~K17194~K21383~K23261~
map00943	Biosynthesis of other secondary metabolites	Isoflavonoid biosynthesis	K05281~K13077~K13257~K13258~K13259~K13260~K13261~K13262~K13263~K13264~K13265~K13266~K13267~K21513~K22932~K23179~K23180~
map00901	Biosynthesis of other secondary metabolites	Indole alkaloid biosynthesis	K01593~K01757~K08233~K12693~K12694~K12695~K12696~K12697~K12698~K12699~K14130~K14135~K17746~K18884~K19182~K19183~K19184~K21026~K21819~K21895~K21896~K22323~K22326~K22365~K22433~K22434~K22435~K22436~K23493~K23494~
map00403	Biosynthesis of other secondary metabolites	Indole diterpene alkaloid biosynthesis	K18385~K18386~K18387~K18388~K18389~K18390~K18391~K18392~K18393~K18394~K18395~K18396~K18397~
map00950	Biosynthesis of other secondary metabolites	Isoquinoline alkaloid biosynthesis	K00274~K00276~K00307~K00422~K00501~K00505~K00811~K00812~K00813~K00815~K00832~K00838~K01592~K01593~K01742~K03334~K03378~K11358~K13371~K13372~K13382~K13383~K13384~K13385~K13386~K13387~K13389~K13390~K13391~K13392~K13393~K13394~K13395~K13396~K13397~K13398~K14454~K14455~K14975~K14976~K15849~K20621~K21070~K21208~K21311~K21580~K21692~K21693~K22088~K22089~K22090~K22091~K22092~K22093~K22094~K22095~K22096~K22097~K22098~K22327~K23157~K23158~
map00960	Biosynthesis of other secondary metabolites	"Tropane, piperidine and pyridine alkaloid biosynthesis"	K00276~K00808~K00811~K00812~K00813~K00815~K00817~K00832~K00838~K01582~K05353~K05354~K05821~K08081~K11358~K12692~K13607~K13608~K13609~K13610~K14454~K14455~K15849~K18606~K19064~K19743~
map01058	Biosynthesis of other secondary metabolites	Acridone alkaloid biosynthesis	K12643~K12644~
map00232	Biosynthesis of other secondary metabolites	Caffeine metabolism	K00106~K00365~K00492~K00622~K07409~K12729~K12730~K12731~K16838~K17683~K21673~K21674~K21675~K21722~K21723~K21724~
map00965	Biosynthesis of other secondary metabolites	Betalain biosynthesis	K00505~K00545~K01593~K15774~K15775~K15776~K15777~
map00966	Biosynthesis of other secondary metabolites	Glucosinolate biosynthesis	K01703~K11812~K11813~K11818~K11819~K11820~K11821~K12153~K12154~K12155~K12156~K13027~K13401~K14984~K15741~K15742~K21346~K21359~K21360~K22321~
map00402	Biosynthesis of other secondary metabolites	Benzoxazinoid biosynthesis	K13222~K13223~K13224~K13225~K13226~K13227~K13229~K13230~
map00311	Biosynthesis of other secondary metabolites	Penicillin and cephalosporin biosynthesis	K00273~K01060~K01434~K04126~K04127~K04128~K10852~K12743~K12744~K12745~K12747~K12748~K17836~K18062~K19200~
map00332	Biosynthesis of other secondary metabolites	Carbapenem biosynthesis	K00147~K00931~K18315~K18316~K18317~K18318~K18319~K18562~K18563~K18564~K18565~K18566~K18568~K18569~K18570~K18571~K18572~K18582~K18583~
map00261	Biosynthesis of other secondary metabolites	Monobactam biosynthesis	K00133~K00215~K00928~K00955~K00956~K00957~K00958~K01714~K05375~K12524~K12525~K12526~K13811~K16421~K16422~K16423~K19102~K19103~K19104~K19105~K19106~K19107~K19108~K19109~K19110~K19111~K19112~K19113~
map00331	Biosynthesis of other secondary metabolites	Clavulanic acid biosynthesis	K12673~K12674~K12675~K12676~K12677~
map00521	Biosynthesis of other secondary metabolites	Streptomycin biosynthesis	K00010~K00067~K00844~K00845~K00973~K01092~K01710~K01790~K01835~K01858~K04339~K04340~K04341~K04342~K05957~K12407~K12570~K15778~K23144~
map00524	Biosynthesis of other secondary metabolites	"Neomycin, kanamycin and gentamicin biosynthesis"	K00844~K00845~K12407~K13546~K13547~K13548~K13549~K13550~K13551~K13552~K13553~K13554~K13555~K13556~K13557~K13559~K13560~K13561~K13562~K13563~K13564~K17078~K20152~K20565~K20566~K20567~K20568~K20569~K20570~K20571~K20572~K20573~K20574~K20575~K20576~K20577~K20578~K20579~K20580~K20581~K20582~K20583~K20584~K20585~K20586~K20587~K20588~K20589~K20590~K20591~K20592~K20593~K20594~K20595~K20596~K20597~K20598~
map00525	Biosynthesis of other secondary metabolites	Acarbose and validamycin biosynthesis	K00973~K01710~K19969~K19974~K19978~K19979~K20424~K20425~K20426~K20427~K20428~K20430~K20431~K20432~K20433~K20434~K20435~K20436~K20437~K20438~K20439~K20440~K20441~K20442~K20443~K21036~K23144~
map00231	Biosynthesis of other secondary metabolites	Puromycin biosynthesis	K12628~K12629~K12630~K12631~K12632~K12633~K12634~K12635~K12636~
map00401	Biosynthesis of other secondary metabolites	Novobiocin biosynthesis	K00210~K00220~K00812~K00813~K00815~K00817~K00832~K00838~K04517~K11358~K12701~K12702~K12703~K12704~K12705~K12707~K12708~K12709~K12711~K12712~K12713~K12714~K12719~K12720~K12721~K12722~K12723~K12724~K14187~K17626~
map00404	Biosynthesis of other secondary metabolites	Staurosporine biosynthesis	K14132~K14134~K14257~K14266~K16438~K17475~K17825~K17826~K17827~K18279~K18280~K18281~K19884~K19885~K19886~K19887~K19888~K19889~K19981~K19982~K20075~K20076~K20077~K20078~K20079~K20080~K20081~K20082~K20085~K20086~K20087~K20088~K20089~K20090~
map00405	Biosynthesis of other secondary metabolites	Phenazine biosynthesis	K01657~K01658~K06998~K13063~K17940~K18000~K18001~K18002~K18003~K20257~K20260~K20261~K20262~K20940~K21103~K21338~
map00333	Biosynthesis of other secondary metabolites	Prodigiosin biosynthesis	K00059~K00208~K00645~K21428~K21778~K21779~K21780~K21781~K21782~K21783~K21784~K21785~K21786~K21787~K21788~K21789~K21790~K21791~K21792~K21793~
map00254	Biosynthesis of other secondary metabolites	Aflatoxin biosynthesis	K01946~K11262~K15316~K17643~K17644~K17645~K17646~K17647~K17648~K17649~K17650~K17651~K17652~
map00998	Biosynthesis of other secondary metabolites	Biosynthesis of secondary metabolites - other antibiotics	K01957~K02078~K09460~K12250~K13037~K14245~K14246~K15907~K17476~K17747~K17876~K18056~K18057~K18091~K18652~K18653~K18654~K19546~K19547~K19548~K19549~K19550~K19650~K19723~K19724~K19725~K19726~K19727~K19741~K19834~K19835~K21202~K21203~K21204~K21205~K21207~K21271~K21272~K21477~K21568~K21721~K21949~K22113~K22114~K22269~K22598~K22798~K22799~K22800~K22801~K22802~K23371~K23646~K23647~
map00999	Biosynthesis of other secondary metabolites	Biosynthesis of secondary metabolites - unclassified	K00487~K00588~K01904~K17835~K18287~K18383~K20204~K20501~K20502~K20503~K20508~K20980~K20981~K20982~K20983~K20984~K20985~K21354~K21371~K21721~K21898~K21949~K22458~K23371~K23372~K23373~K23374~K23375~K23446~K23447~K23665~K23666~K23667~K23668~K23669~K23670~K23671~K23672~K23673~
map00362	Xenobiotics biodegradation and metabolism	Benzoate degradation	K00074~K00217~K00252~K00446~K00448~K00449~K00481~K00626~K00632~K01031~K01032~K01055~K01075~K01607~K01615~K01617~K01666~K01692~K01782~K01821~K01825~K01856~K01857~K02554~K03268~K03381~K03464~K04073~K04098~K04100~K04101~K04105~K04107~K04108~K04109~K04110~K04112~K04113~K04114~K04115~K04116~K04117~K04118~K05549~K05550~K05783~K05784~K07104~K07516~K07534~K07535~K07536~K07537~K07538~K07539~K07823~K07824~K10216~K10217~K10218~K10219~K10220~K10221~K10621~K10622~K13767~K14333~K14334~K14727~K15511~K15512~K15513~K15514~K15766~K15767~K16173~K16242~K16243~K16244~K16245~K16246~K16249~K16268~K16269~K16514~K16515~K18089~K18090~K18364~K18365~K18366~K19065~K19066~K19067~K19515~K19516~K20458~K20509~K20941~K20942~K20943~K20944~K22270~K22553~K23351~K23352~
map00627	Xenobiotics biodegradation and metabolism	Aminobenzoate degradation	K00141~K00493~K01034~K01035~K01101~K01426~K01501~K01512~K01576~K01612~K01692~K01721~K01781~K01865~K03186~K03380~K03862~K03863~K04099~K04100~K04101~K04105~K04107~K04108~K04109~K04110~K05599~K05600~K07511~K07514~K07515~K07824~K08295~K09461~K10215~K10219~K10221~K11311~K14333~K14338~K14578~K14579~K14580~K14581~K15054~K15055~K15056~K15057~K15058~K15059~K15060~K15061~K15062~K15063~K15064~K15065~K15066~K16239~K16319~K16320~K18248~K18249~K18541~K19709~K20458~K20712~K20807~K20990~K21725~K21726~K21727~K21759~K21802~K22958~K22959~K22960~K23526~K23527~K23528~K23529~
map00364	Xenobiotics biodegradation and metabolism	Fluorobenzoate degradation	K00217~K01061~K01721~K01856~K01860~K03381~K03391~K05549~K05550~K05783~K05784~K08686~K14417~K14418~K20806~K20807~K20808~K20809~
map00625	Xenobiotics biodegradation and metabolism	Chloroalkane and chloroalkene degradation	K00001~K00114~K00121~K00128~K00148~K00531~K01560~K01561~K01563~K02586~K02588~K02591~K03268~K04072~K08726~K13953~K13954~K14028~K14029~K14419~K14420~K14421~K14422~K16268~K17067~K17068~K17070~K18089~K18090~K20625~K21647~K21648~K22353~K22354~K22355~K22356~K22357~K22358~K22359~K22360~K22361~K22362~K22363~
map00361	Xenobiotics biodegradation and metabolism	Chlorocyclohexane and chlorobenzene degradation	K00217~K00446~K00462~K01061~K01560~K01561~K01563~K01856~K01860~K03268~K03381~K03391~K04098~K06912~K07104~K10676~K15236~K15237~K15238~K15239~K15240~K15241~K15242~K15243~K15244~K15245~K15246~K15253~K16242~K16243~K16244~K16245~K16246~K16249~K16268~K16269~K18089~K18090~K21607~K23529~
map00623	Xenobiotics biodegradation and metabolism	Toluene degradation	K00055~K00141~K00217~K01061~K01856~K01860~K03268~K03380~K03381~K05797~K07540~K07543~K07544~K07545~K07546~K07547~K07548~K07549~K07550~K15757~K15758~K15760~K15761~K15762~K15763~K15764~K15765~K15766~K15767~K15768~K15769~K16242~K16243~K16244~K16245~K16246~K16249~K16268~K16269~K18089~K18090~K19629~K19630~K20199~K20200~K20218~
map00622	Xenobiotics biodegradation and metabolism	Xylene degradation	K00055~K00141~K00446~K01617~K01666~K01821~K02554~K04073~K05549~K05550~K05783~K05784~K07104~K10216~K10217~K10616~K10617~K10618~K10619~K10620~K10621~K10622~K10623~K10702~K15757~K15758~K16270~K16303~K16304~K18227~K18293~K18364~K18365~K18366~
map00633	Xenobiotics biodegradation and metabolism	Nitrotoluene degradation	K00169~K00170~K00171~K00172~K00196~K00198~K00622~K06281~K06282~K10678~K10679~K10680~K11180~K11181~K14578~K14579~K14580~K14581~K21683~K23548~K23549~
map00642	Xenobiotics biodegradation and metabolism	Ethylbenzene degradation	K00632~K10700~K10701~K14578~K14579~K14580~K14581~K14746~K14747~K14748~K14749~K14750~K14751~K17048~K17049~K18092~
map00643	Xenobiotics biodegradation and metabolism	Styrene degradation	K00146~K00446~K00451~K01026~K01039~K01040~K01426~K01501~K01502~K01555~K01721~K01800~K07104~K10216~K10437~K10438~K10566~K14481~K14482~K16171~K16269~K18312~K20626~K20627~K20807~
map00791	Xenobiotics biodegradation and metabolism	Atrazine degradation	K01427~K01428~K01429~K01430~K01457~K01941~K03382~K03383~K05394~K06035~K08710~K14048~K14541~K19837~K21593~K23359~
map00930	Xenobiotics biodegradation and metabolism	Caprolactam degradation	K00002~K00022~K00496~K01053~K01453~K01471~K01692~K01782~K01825~K03379~K06446~K07511~K07514~K07515~K14519~K14731~K17754~K18199~K19960~K19961~K19962~K19963~
map00363	Xenobiotics biodegradation and metabolism	Bisphenol degradation	K05913~K14520~
map00621	Xenobiotics biodegradation and metabolism	Dioxin degradation	K00462~K00480~K01617~K01666~K01821~K02554~K04073~K08689~K08690~K10222~K14599~K14600~K15749~K15750~K15751~K15752~K15753~K15754~K15755~K15756~K18087~K18088~K18364~K18365~K18366~K22676~K22677~K22678~K22715~K22716~K22717~
map00626	Xenobiotics biodegradation and metabolism	Naphthalene degradation	K00001~K00121~K00152~K00480~K01670~K04072~K13953~K13954~K14578~K14579~K14580~K14581~K14582~K14583~K14584~K14585~K14586~K15567~K15568~K15569~K15570~K15571~K15572~K15573~K15574~K15575~K18242~K18243~K19958~
map00624	Xenobiotics biodegradation and metabolism	Polycyclic aromatic hydrocarbon degradation	K00448~K00449~K00480~K04100~K04101~K04102~K11943~K11944~K11945~K11946~K11947~K11948~K11949~K14578~K14579~K14580~K14581~K14582~K14599~K14600~K14601~K14602~K14603~K14604~K16269~K18067~K18068~K18069~K18074~K18075~K18076~K18077~K18251~K18252~K18253~K18254~K18255~K18256~K18257~K18275~K19065~K21104~K21105~
map00365	Xenobiotics biodegradation and metabolism	Furfural degradation	K16873~K16874~K16875~K16876~K16877~K16878~K16879~K16880~
map00984	Xenobiotics biodegradation and metabolism	Steroid degradation	K01822~K03333~K05296~K05898~K15981~K15982~K15983~K16045~K16046~K16047~K16048~K16049~K16050~K16051~K18687~
map00980	Xenobiotics biodegradation and metabolism	Metabolism of xenobiotics by cytochrome P450	K00001~K00078~K00079~K00081~K00084~K00121~K00129~K00212~K00699~K00799~K01253~K04097~K07408~K07409~K07410~K07415~K07416~K07420~K11822~K13299~K13951~K13952~K13953~K13980~K15303~K15680~K17683~K17685~K17689~K17690~K17709~K17712~K17719~
map00982	Xenobiotics biodegradation and metabolism	Drug metabolism - cytochrome P450	K00001~K00121~K00129~K00157~K00274~K00485~K00699~K00799~K04097~K07409~K07415~K13299~K13951~K13952~K13953~K13980~K17683~K17689~K17690~K17709~K17712~K17718~K17719~K17721~
map00983	Xenobiotics biodegradation and metabolism	Drug metabolism - other enzymes	K00088~K00106~K00207~K00569~K00622~K00699~K00757~K00758~K00760~K00799~K00857~K00876~K00940~K01044~K01195~K01431~K01464~K01489~K01519~K01520~K01951~K03782~K03927~K07415~K10789~K10807~K10808~K13421~K13800~K17683~K17689~
map04122	"Folding, sorting and degradation"	Sulfur relay system	K00566~K01011~K03148~K03151~K03154~K03635~K03636~K03637~K03639~K03831~K04085~K04487~K07235~K07236~K07237~K11179~K11996~K12161~K14168~K14169~K14171~K21028~K21029~K21140~K21142~K21147~K21148~K21232~